Customer,next_month_default
1,1
2,0
3,0
4,0
5,1
6,0
7,0
8,0
9,0
10,1
11,0
12,1
13,0
14,0
15,1
16,1
17,0
18,1
19,0
20,0
21,0
22,1
23,1
24,1
25,1
26,0
27,0
28,1
29,0
30,0
31,1
32,0
33,0
34,0
35,0
36,0
37,1
38,1
39,1
40,0
41,1
42,1
43,1
44,0
45,0
46,1
47,0
48,0
49,1
50,1
51,1
52,1
53,0
54,1
55,1
56,0
57,1
58,0
59,0
60,0
61,1
62,1
63,1
64,1
65,0
66,0
67,0
68,0
69,0
70,0
71,0
72,0
73,0
74,1
75,1
76,0
77,0
78,0
79,1
80,1
81,0
82,1
83,1
84,1
85,1
86,1
87,0
88,1
89,0
90,1
91,1
92,1
93,1
94,0
95,1
96,1
97,1
98,1
99,0
100,1
101,1
102,0
103,1
104,1
105,1
106,1
107,0
108,0
109,0
110,0
111,1
112,1
113,0
114,1
115,0
116,0
117,0
118,0
119,0
120,1
121,0
122,0
123,0
124,0
125,0
126,0
127,0
128,1
129,0
130,0
131,0
132,0
133,1
134,1
135,1
136,1
137,1
138,0
139,1
140,1
141,1
142,0
143,1
144,0
145,1
146,1
147,1
148,0
149,0
150,0
151,1
152,1
153,0
154,0
155,1
156,0
157,1
158,0
159,1
160,1
161,1
162,1
163,1
164,0
165,0
166,0
167,1
168,0
169,0
170,0
171,1
172,0
173,1
174,1
175,0
176,0
177,0
178,0
179,0
180,1
181,1
182,0
183,1
184,0
185,1
186,1
187,1
188,0
189,0
190,0
191,1
192,0
193,0
194,1
195,1
196,1
197,1
198,1
199,0
200,1
201,0
202,1
203,1
204,1
205,1
206,0
207,0
208,0
209,0
210,0
211,0
212,0
213,1
214,1
215,0
216,1
217,1
218,1
219,1
220,1
221,0
222,0
223,1
224,0
225,1
226,0
227,0
228,0
229,1
230,1
231,0
232,0
233,1
234,1
235,1
236,0
237,1
238,0
239,1
240,0
241,1
242,0
243,1
244,1
245,1
246,1
247,1
248,1
249,0
250,1
251,0
252,0
253,1
254,1
255,1
256,1
257,1
258,0
259,1
260,0
261,1
262,0
263,1
264,1
265,1
266,0
267,0
268,1
269,0
270,0
271,1
272,1
273,0
274,1
275,1
276,0
277,0
278,0
279,1
280,1
281,1
282,1
283,1
284,1
285,1
286,1
287,0
288,0
289,0
290,1
291,0
292,1
293,0
294,1
295,1
296,0
297,0
298,0
299,1
300,1
301,0
302,1
303,0
304,0
305,0
306,1
307,0
308,0
309,0
310,1
311,0
312,1
313,1
314,0
315,1
316,1
317,1
318,0
319,0
320,1
321,0
322,0
323,1
324,1
325,0
326,0
327,1
328,1
329,0
330,1
331,1
332,1
333,1
334,0
335,0
336,1
337,1
338,1
339,1
340,0
341,1
342,1
343,1
344,0
345,0
346,1
347,1
348,0
349,0
350,0
351,1
352,0
353,0
354,1
355,1
356,1
357,0
358,0
359,0
360,0
361,1
362,1
363,1
364,1
365,0
366,0
367,0
368,1
369,1
370,1
371,1
372,1
373,0
374,0
375,1
376,0
377,1
378,1
379,1
380,1
381,0
382,1
383,1
384,0
385,1
386,1
387,1
388,0
389,0
390,1
391,0
392,1
393,1
394,1
395,1
396,1
397,1
398,0
399,0
400,1
401,0
402,0
403,1
404,1
405,1
406,0
407,0
408,1
409,0
410,1
411,0
412,1
413,0
414,1
415,1
416,0
417,0
418,1
419,0
420,0
421,1
422,1
423,0
424,1
425,1
426,1
427,0
428,0
429,1
430,1
431,0
432,1
433,1
434,1
435,0
436,1
437,1
438,0
439,0
440,1
441,1
442,1
443,1
444,0
445,1
446,0
447,1
448,0
449,0
450,1
451,1
452,0
453,1
454,1
455,1
456,0
457,1
458,1
459,0
460,0
461,1
462,1
463,0
464,1
465,0
466,0
467,1
468,0
469,1
470,1
471,1
472,1
473,1
474,0
475,1
476,0
477,0
478,0
479,0
480,0
481,0
482,0
483,0
484,0
485,1
486,1
487,1
488,1
489,0
490,0
491,0
492,1
493,0
494,0
495,1
496,0
497,1
498,0
499,1
500,0
501,0
502,0
503,1
504,0
505,1
506,1
507,1
508,0
509,0
510,1
511,0
512,0
513,0
514,1
515,0
516,1
517,1
518,1
519,0
520,0
521,0
522,1
523,1
524,0
525,0
526,0
527,1
528,0
529,0
530,1
531,0
532,1
533,0
534,1
535,0
536,1
537,1
538,1
539,0
540,0
541,0
542,1
543,1
544,0
545,0
546,1
547,1
548,1
549,1
550,1
551,1
552,1
553,0
554,0
555,1
556,0
557,1
558,1
559,0
560,0
561,1
562,0
563,1
564,1
565,0
566,0
567,1
568,0
569,0
570,0
571,0
572,1
573,0
574,0
575,1
576,0
577,1
578,0
579,0
580,1
581,0
582,0
583,1
584,0
585,0
586,0
587,1
588,0
589,1
590,1
591,0
592,0
593,1
594,1
595,1
596,1
597,1
598,0
599,0
600,1
601,0
602,1
603,1
604,1
605,0
606,0
607,1
608,1
609,0
610,1
611,0
612,0
613,0
614,0
615,1
616,1
617,0
618,1
619,1
620,0
621,0
622,1
623,0
624,0
625,0
626,0
627,1
628,0
629,0
630,1
631,0
632,0
633,1
634,0
635,1
636,0
637,1
638,1
639,1
640,1
641,1
642,1
643,0
644,0
645,1
646,0
647,1
648,1
649,1
650,1
651,1
652,0
653,1
654,0
655,0
656,0
657,0
658,0
659,0
660,0
661,1
662,0
663,0
664,1
665,0
666,0
667,1
668,1
669,1
670,0
671,1
672,1
673,1
674,1
675,0
676,1
677,1
678,0
679,0
680,0
681,0
682,1
683,1
684,1
685,1
686,1
687,1
688,1
689,0
690,1
691,0
692,1
693,1
694,0
695,0
696,1
697,0
698,0
699,0
700,1
701,1
702,0
703,0
704,1
705,0
706,1
707,1
708,1
709,1
710,1
711,0
712,0
713,0
714,0
715,1
716,0
717,0
718,0
719,1
720,0
721,0
722,1
723,0
724,1
725,1
726,0
727,0
728,1
729,0
730,0
731,1
732,0
733,1
734,1
735,0
736,1
737,0
738,1
739,1
740,1
741,0
742,1
743,1
744,1
745,1
746,1
747,1
748,1
749,1
750,1
751,1
752,1
753,1
754,0
755,1
756,0
757,0
758,1
759,1
760,1
761,0
762,0
763,0
764,0
765,0
766,1
767,1
768,1
769,1
770,1
771,1
772,0
773,1
774,1
775,0
776,1
777,0
778,1
779,0
780,0
781,1
782,0
783,1
784,1
785,0
786,1
787,0
788,0
789,1
790,0
791,0
792,1
793,1
794,0
795,0
796,0
797,0
798,0
799,0
800,0
801,1
802,1
803,1
804,0
805,0
806,0
807,0
808,1
809,0
810,0
811,0
812,1
813,1
814,1
815,0
816,1
817,1
818,0
819,1
820,1
821,0
822,1
823,0
824,0
825,0
826,1
827,1
828,0
829,1
830,0
831,0
832,1
833,0
834,0
835,0
836,1
837,0
838,1
839,1
840,1
841,0
842,1
843,0
844,1
845,1
846,0
847,0
848,0
849,0
850,1
851,0
852,1
853,0
854,1
855,0
856,1
857,0
858,1
859,0
860,0
861,1
862,1
863,1
864,0
865,1
866,1
867,0
868,0
869,1
870,0
871,1
872,1
873,0
874,1
875,0
876,1
877,1
878,0
879,1
880,1
881,0
882,0
883,0
884,1
885,1
886,1
887,1
888,0
889,0
890,1
891,1
892,0
893,1
894,1
895,0
896,0
897,1
898,1
899,1
900,1
901,1
902,0
903,0
904,1
905,1
906,0
907,1
908,0
909,0
910,0
911,0
912,1
913,0
914,1
915,0
916,1
917,1
918,0
919,1
920,1
921,0
922,1
923,0
924,0
925,0
926,0
927,1
928,0
929,1
930,0
931,1
932,1
933,1
934,0
935,0
936,1
937,1
938,0
939,0
940,1
941,0
942,1
943,1
944,1
945,1
946,1
947,0
948,0
949,1
950,0
951,0
952,1
953,1
954,1
955,0
956,0
957,1
958,0
959,1
960,0
961,1
962,1
963,1
964,0
965,0
966,0
967,1
968,1
969,1
970,1
971,0
972,1
973,1
974,0
975,1
976,1
977,1
978,1
979,0
980,1
981,0
982,1
983,1
984,0
985,0
986,1
987,1
988,0
989,1
990,1
991,1
992,1
993,0
994,1
995,0
996,1
997,1
998,1
999,0
1000,1
1001,0
1002,0
1003,0
1004,1
1005,0
1006,0
1007,0
1008,1
1009,1
1010,1
1011,1
1012,0
1013,0
1014,1
1015,0
1016,1
1017,1
1018,1
1019,1
1020,0
1021,0
1022,1
1023,0
1024,1
1025,1
1026,0
1027,1
1028,1
1029,1
1030,1
1031,0
1032,0
1033,1
1034,1
1035,1
1036,1
1037,0
1038,0
1039,0
1040,0
1041,1
1042,0
1043,0
1044,1
1045,1
1046,1
1047,0
1048,1
1049,1
1050,0
1051,1
1052,1
1053,0
1054,0
1055,0
1056,0
1057,1
1058,1
1059,0
1060,1
1061,0
1062,1
1063,0
1064,0
1065,1
1066,1
1067,0
1068,1
1069,0
1070,0
1071,1
1072,1
1073,0
1074,0
1075,0
1076,0
1077,0
1078,1
1079,1
1080,1
1081,0
1082,0
1083,0
1084,0
1085,0
1086,0
1087,0
1088,0
1089,1
1090,1
1091,1
1092,1
1093,1
1094,1
1095,1
1096,1
1097,0
1098,0
1099,0
1100,1
1101,0
1102,1
1103,0
1104,1
1105,0
1106,1
1107,0
1108,1
1109,1
1110,1
1111,0
1112,1
1113,0
1114,1
1115,0
1116,0
1117,1
1118,1
1119,1
1120,0
1121,1
1122,0
1123,0
1124,0
1125,0
1126,1
1127,0
1128,1
1129,1
1130,1
1131,0
1132,1
1133,0
1134,0
1135,1
1136,1
1137,0
1138,0
1139,1
1140,1
1141,1
1142,1
1143,0
1144,0
1145,0
1146,1
1147,0
1148,0
1149,1
1150,0
1151,1
1152,1
1153,1
1154,0
1155,0
1156,0
1157,0
1158,0
1159,1
1160,1
1161,0
1162,1
1163,0
1164,1
1165,0
1166,1
1167,1
1168,0
1169,1
1170,1
1171,1
1172,1
1173,0
1174,1
1175,0
1176,0
1177,0
1178,1
1179,0
1180,1
1181,0
1182,0
1183,1
1184,0
1185,0
1186,0
1187,1
1188,0
1189,1
1190,1
1191,0
1192,1
1193,1
1194,0
1195,1
1196,0
1197,0
1198,1
1199,1
1200,1
1201,1
1202,1
1203,0
1204,1
1205,1
1206,0
1207,0
1208,1
1209,0
1210,0
1211,1
1212,0
1213,1
1214,1
1215,0
1216,1
1217,1
1218,0
1219,1
1220,0
1221,0
1222,1
1223,0
1224,1
1225,0
1226,1
1227,0
1228,1
1229,0
1230,1
1231,0
1232,1
1233,1
1234,0
1235,0
1236,1
1237,1
1238,1
1239,0
1240,0
1241,0
1242,0
1243,0
1244,0
1245,0
1246,0
1247,0
1248,0
1249,0
1250,1
1251,1
1252,1
1253,0
1254,1
1255,1
1256,0
1257,1
1258,1
1259,0
1260,0
1261,0
1262,1
1263,1
1264,1
1265,1
1266,0
1267,0
1268,1
1269,0
1270,0
1271,0
1272,0
1273,0
1274,0
1275,0
1276,1
1277,1
1278,0
1279,1
1280,0
1281,0
1282,0
1283,0
1284,1
1285,1
1286,0
1287,1
1288,1
1289,1
1290,0
1291,1
1292,1
1293,0
1294,0
1295,1
1296,0
1297,1
1298,0
1299,0
1300,0
1301,0
1302,0
1303,0
1304,1
1305,0
1306,0
1307,1
1308,0
1309,1
1310,1
1311,0
1312,1
1313,1
1314,0
1315,0
1316,1
1317,1
1318,0
1319,0
1320,0
1321,0
1322,1
1323,0
1324,1
1325,1
1326,0
1327,0
1328,0
1329,1
1330,1
1331,1
1332,1
1333,1
1334,1
1335,0
1336,1
1337,1
1338,1
1339,1
1340,0
1341,0
1342,1
1343,1
1344,0
1345,0
1346,1
1347,1
1348,0
1349,1
1350,1
1351,0
1352,0
1353,0
1354,0
1355,1
1356,1
1357,0
1358,0
1359,0
1360,0
1361,0
1362,0
1363,0
1364,0
1365,1
1366,0
1367,0
1368,1
1369,1
1370,0
1371,1
1372,1
1373,0
1374,1
1375,0
1376,1
1377,1
1378,1
1379,0
1380,0
1381,0
1382,1
1383,1
1384,0
1385,1
1386,1
1387,0
1388,0
1389,1
1390,1
1391,1
1392,1
1393,1
1394,0
1395,0
1396,0
1397,0
1398,0
1399,0
1400,1
1401,1
1402,0
1403,1
1404,1
1405,1
1406,1
1407,0
1408,0
1409,0
1410,0
1411,0
1412,0
1413,0
1414,1
1415,1
1416,1
1417,1
1418,1
1419,1
1420,0
1421,1
1422,1
1423,0
1424,0
1425,1
1426,1
1427,0
1428,0
1429,0
1430,1
1431,1
1432,0
1433,1
1434,0
1435,1
1436,0
1437,0
1438,1
1439,0
1440,1
1441,1
1442,1
1443,1
1444,1
1445,0
1446,1
1447,0
1448,0
1449,0
1450,1
1451,1
1452,0
1453,1
1454,1
1455,0
1456,0
1457,0
1458,1
1459,0
1460,1
1461,0
1462,1
1463,1
1464,0
1465,1
1466,1
1467,0
1468,1
1469,0
1470,0
1471,1
1472,1
1473,0
1474,0
1475,1
1476,0
1477,1
1478,0
1479,0
1480,1
1481,0
1482,0
1483,1
1484,0
1485,0
1486,0
1487,0
1488,1
1489,1
1490,1
1491,0
1492,1
1493,1
1494,1
1495,1
1496,1
1497,0
1498,1
1499,0
1500,1
1501,0
1502,0
1503,1
1504,0
1505,1
1506,1
1507,0
1508,1
1509,1
1510,1
1511,1
1512,1
1513,0
1514,0
1515,1
1516,1
1517,1
1518,0
1519,0
1520,1
1521,1
1522,1
1523,0
1524,1
1525,1
1526,0
1527,0
1528,0
1529,1
1530,0
1531,1
1532,1
1533,0
1534,1
1535,1
1536,0
1537,0
1538,0
1539,1
1540,1
1541,1
1542,0
1543,1
1544,1
1545,1
1546,1
1547,0
1548,0
1549,0
1550,1
1551,0
1552,1
1553,0
1554,1
1555,1
1556,1
1557,0
1558,1
1559,1
1560,1
1561,0
1562,0
1563,1
1564,0
1565,1
1566,0
1567,1
1568,0
1569,0
1570,0
1571,0
1572,0
1573,0
1574,1
1575,0
1576,1
1577,1
1578,0
1579,1
1580,0
1581,1
1582,0
1583,1
1584,0
1585,1
1586,1
1587,1
1588,1
1589,0
1590,0
1591,1
1592,1
1593,0
1594,0
1595,0
1596,1
1597,0
1598,1
1599,0
1600,1
1601,1
1602,1
1603,1
1604,1
1605,0
1606,1
1607,0
1608,0
1609,1
1610,1
1611,0
1612,0
1613,1
1614,1
1615,1
1616,1
1617,0
1618,0
1619,1
1620,0
1621,1
1622,0
1623,1
1624,0
1625,0
1626,0
1627,0
1628,1
1629,0
1630,1
1631,0
1632,1
1633,0
1634,1
1635,0
1636,1
1637,0
1638,0
1639,0
1640,0
1641,0
1642,0
1643,0
1644,1
1645,0
1646,1
1647,0
1648,0
1649,0
1650,0
1651,0
1652,1
1653,0
1654,1
1655,1
1656,1
1657,1
1658,1
1659,0
1660,1
1661,1
1662,0
1663,1
1664,1
1665,1
1666,1
1667,1
1668,0
1669,1
1670,0
1671,1
1672,0
1673,0
1674,1
1675,1
1676,1
1677,0
1678,0
1679,1
1680,1
1681,0
1682,0
1683,1
1684,0
1685,1
1686,0
1687,0
1688,1
1689,1
1690,1
1691,1
1692,0
1693,1
1694,0
1695,0
1696,1
1697,0
1698,1
1699,0
1700,1
1701,1
1702,0
1703,0
1704,0
1705,1
1706,1
1707,0
1708,1
1709,0
1710,0
1711,1
1712,1
1713,1
1714,1
1715,1
1716,0
1717,1
1718,1
1719,1
1720,0
1721,0
1722,1
1723,1
1724,1
1725,0
1726,0
1727,0
1728,0
1729,0
1730,0
1731,0
1732,1
1733,0
1734,0
1735,1
1736,1
1737,1
1738,0
1739,0
1740,0
1741,0
1742,0
1743,1
1744,1
1745,1
1746,0
1747,1
1748,0
1749,1
1750,1
1751,1
1752,1
1753,1
1754,0
1755,0
1756,0
1757,0
1758,0
1759,1
1760,0
1761,1
1762,0
1763,0
1764,0
1765,0
1766,0
1767,0
1768,0
1769,0
1770,1
1771,0
1772,1
1773,0
1774,1
1775,1
1776,1
1777,0
1778,1
1779,1
1780,0
1781,0
1782,0
1783,1
1784,1
1785,1
1786,0
1787,1
1788,1
1789,1
1790,1
1791,1
1792,1
1793,1
1794,0
1795,1
1796,1
1797,1
1798,0
1799,0
1800,1
1801,0
1802,1
1803,0
1804,0
1805,0
1806,1
1807,0
1808,1
1809,0
1810,1
1811,0
1812,0
1813,0
1814,1
1815,0
1816,0
1817,1
1818,1
1819,0
1820,1
1821,1
1822,1
1823,1
1824,1
1825,0
1826,1
1827,0
1828,1
1829,1
1830,1
1831,0
1832,0
1833,0
1834,1
1835,1
1836,0
1837,0
1838,1
1839,1
1840,0
1841,0
1842,0
1843,1
1844,1
1845,1
1846,0
1847,1
1848,0
1849,0
1850,1
1851,0
1852,1
1853,1
1854,1
1855,1
1856,0
1857,1
1858,1
1859,1
1860,1
1861,1
1862,1
1863,0
1864,1
1865,1
1866,0
1867,1
1868,0
1869,0
1870,0
1871,1
1872,0
1873,0
1874,0
1875,0
1876,0
1877,1
1878,0
1879,0
1880,1
1881,0
1882,1
1883,1
1884,0
1885,1
1886,0
1887,1
1888,0
1889,0
1890,0
1891,0
1892,1
1893,1
1894,1
1895,1
1896,0
1897,1
1898,1
1899,1
1900,0
1901,1
1902,0
1903,0
1904,0
1905,0
1906,1
1907,1
1908,0
1909,0
1910,1
1911,0
1912,1
1913,1
1914,1
1915,0
1916,1
1917,0
1918,1
1919,0
1920,1
1921,1
1922,0
1923,1
1924,1
1925,1
1926,1
1927,0
1928,0
1929,0
1930,0
1931,0
1932,0
1933,1
1934,1
1935,1
1936,0
1937,0
1938,0
1939,1
1940,1
1941,0
1942,0
1943,1
1944,0
1945,0
1946,1
1947,1
1948,0
1949,1
1950,1
1951,0
1952,0
1953,1
1954,1
1955,0
1956,0
1957,1
1958,0
1959,0
1960,1
1961,1
1962,0
1963,0
1964,0
1965,1
1966,0
1967,1
1968,1
1969,1
1970,0
1971,0
1972,1
1973,0
1974,0
1975,0
1976,0
1977,0
1978,1
1979,1
1980,0
1981,0
1982,1
1983,1
1984,0
1985,0
1986,0
1987,1
1988,1
1989,1
1990,1
1991,0
1992,0
1993,0
1994,1
1995,1
1996,0
1997,1
1998,0
1999,1
2000,0
2001,0
2002,0
2003,0
2004,1
2005,1
2006,1
2007,0
2008,1
2009,0
2010,0
2011,1
2012,0
2013,0
2014,0
2015,0
2016,1
2017,1
2018,0
2019,0
2020,0
2021,0
2022,1
2023,0
2024,0
2025,1
2026,0
2027,0
2028,0
2029,0
2030,1
2031,0
2032,0
2033,1
2034,0
2035,1
2036,1
2037,0
2038,0
2039,0
2040,0
2041,0
2042,0
2043,1
2044,0
2045,0
2046,1
2047,0
2048,0
2049,0
2050,1
2051,1
2052,1
2053,0
2054,0
2055,1
2056,1
2057,0
2058,1
2059,0
2060,0
2061,1
2062,0
2063,1
2064,1
2065,0
2066,1
2067,1
2068,0
2069,0
2070,0
2071,1
2072,1
2073,0
2074,0
2075,0
2076,0
2077,1
2078,0
2079,1
2080,0
2081,0
2082,1
2083,0
2084,1
2085,1
2086,0
2087,0
2088,0
2089,0
2090,0
2091,1
2092,0
2093,1
2094,1
2095,0
2096,1
2097,0
2098,1
2099,1
2100,1
2101,1
2102,1
2103,0
2104,1
2105,1
2106,0
2107,0
2108,0
2109,0
2110,1
2111,0
2112,0
2113,0
2114,1
2115,1
2116,1
2117,1
2118,1
2119,1
2120,0
2121,1
2122,0
2123,1
2124,0
2125,1
2126,1
2127,0
2128,1
2129,0
2130,1
2131,1
2132,1
2133,1
2134,0
2135,1
2136,1
2137,0
2138,0
2139,0
2140,1
2141,1
2142,0
2143,0
2144,1
2145,0
2146,0
2147,1
2148,1
2149,0
2150,0
2151,1
2152,0
2153,0
2154,0
2155,1
2156,0
2157,0
2158,1
2159,0
2160,0
2161,1
2162,0
2163,0
2164,0
2165,0
2166,1
2167,0
2168,1
2169,0
2170,1
2171,0
2172,0
2173,1
2174,0
2175,0
2176,1
2177,0
2178,1
2179,1
2180,1
2181,0
2182,0
2183,0
2184,0
2185,1
2186,0
2187,0
2188,1
2189,1
2190,0
2191,0
2192,1
2193,1
2194,1
2195,0
2196,0
2197,1
2198,1
2199,1
2200,1
2201,1
2202,0
2203,1
2204,1
2205,1
2206,1
2207,0
2208,0
2209,1
2210,1
2211,1
2212,0
2213,1
2214,1
2215,1
2216,1
2217,1
2218,1
2219,0
2220,1
2221,1
2222,0
2223,0
2224,0
2225,0
2226,0
2227,1
2228,1
2229,0
2230,0
2231,1
2232,1
2233,0
2234,0
2235,1
2236,0
2237,1
2238,1
2239,0
2240,0
2241,1
2242,1
2243,1
2244,1
2245,1
2246,0
2247,0
2248,0
2249,0
2250,0
2251,1
2252,1
2253,1
2254,1
2255,1
2256,1
2257,1
2258,1
2259,0
2260,1
2261,0
2262,0
2263,0
2264,1
2265,1
2266,1
2267,1
2268,0
2269,1
2270,1
2271,0
2272,1
2273,0
2274,0
2275,1
2276,1
2277,1
2278,0
2279,1
2280,0
2281,0
2282,0
2283,0
2284,0
2285,1
2286,0
2287,0
2288,0
2289,1
2290,0
2291,0
2292,1
2293,0
2294,0
2295,0
2296,0
2297,1
2298,1
2299,1
2300,0
2301,0
2302,0
2303,0
2304,1
2305,1
2306,0
2307,1
2308,0
2309,0
2310,1
2311,0
2312,1
2313,1
2314,0
2315,0
2316,0
2317,1
2318,0
2319,1
2320,0
2321,0
2322,0
2323,0
2324,1
2325,0
2326,1
2327,1
2328,1
2329,1
2330,0
2331,1
2332,1
2333,1
2334,0
2335,1
2336,0
2337,0
2338,0
2339,1
2340,0
2341,1
2342,0
2343,1
2344,0
2345,0
2346,1
2347,0
2348,1
2349,0
2350,1
2351,0
2352,0
2353,1
2354,0
2355,0
2356,0
2357,1
2358,0
2359,1
2360,0
2361,0
2362,1
2363,0
2364,1
2365,0
2366,1
2367,1
2368,1
2369,0
2370,0
2371,0
2372,0
2373,0
2374,1
2375,1
2376,1
2377,0
2378,0
2379,0
2380,0
2381,1
2382,0
2383,0
2384,0
2385,1
2386,0
2387,0
2388,1
2389,1
2390,1
2391,1
2392,1
2393,0
2394,1
2395,1
2396,1
2397,0
2398,0
2399,1
2400,1
2401,0
2402,0
2403,0
2404,1
2405,1
2406,1
2407,1
2408,0
2409,0
2410,1
2411,0
2412,1
2413,0
2414,1
2415,1
2416,0
2417,0
2418,0
2419,1
2420,0
2421,1
2422,0
2423,0
2424,1
2425,1
2426,1
2427,1
2428,0
2429,0
2430,0
2431,1
2432,0
2433,1
2434,0
2435,1
2436,0
2437,0
2438,0
2439,0
2440,1
2441,1
2442,1
2443,1
2444,0
2445,0
2446,0
2447,1
2448,0
2449,1
2450,0
2451,1
2452,0
2453,1
2454,0
2455,1
2456,0
2457,1
2458,1
2459,1
2460,1
2461,1
2462,1
2463,0
2464,0
2465,0
2466,0
2467,1
2468,0
2469,1
2470,0
2471,1
2472,0
2473,1
2474,1
2475,1
2476,0
2477,0
2478,0
2479,0
2480,0
2481,1
2482,0
2483,0
2484,1
2485,1
2486,0
2487,1
2488,0
2489,1
2490,0
2491,0
2492,1
2493,1
2494,0
2495,1
2496,0
2497,0
2498,1
2499,0
2500,1
2501,0
2502,1
2503,1
2504,0
2505,0
2506,1
2507,1
2508,1
2509,0
2510,0
2511,0
2512,1
2513,1
2514,1
2515,0
2516,1
2517,1
2518,0
2519,1
2520,0
2521,0
2522,1
2523,0
2524,0
2525,1
2526,1
2527,1
2528,0
2529,1
2530,1
2531,1
2532,0
2533,1
2534,0
2535,0
2536,0
2537,1
2538,0
2539,0
2540,1
2541,1
2542,0
2543,0
2544,1
2545,0
2546,0
2547,1
2548,1
2549,1
2550,1
2551,1
2552,0
2553,1
2554,0
2555,1
2556,1
2557,1
2558,1
2559,1
2560,0
2561,0
2562,1
2563,0
2564,0
2565,1
2566,0
2567,0
2568,0
2569,1
2570,0
2571,0
2572,1
2573,0
2574,0
2575,0
2576,0
2577,0
2578,0
2579,1
2580,1
2581,1
2582,0
2583,1
2584,0
2585,0
2586,0
2587,1
2588,0
2589,0
2590,1
2591,0
2592,1
2593,0
2594,1
2595,0
2596,0
2597,0
2598,1
2599,0
2600,1
2601,1
2602,1
2603,1
2604,1
2605,1
2606,0
2607,1
2608,0
2609,0
2610,0
2611,1
2612,1
2613,0
2614,0
2615,0
2616,0
2617,1
2618,1
2619,0
2620,1
2621,0
2622,0
2623,0
2624,1
2625,0
2626,0
2627,1
2628,0
2629,1
2630,0
2631,1
2632,0
2633,1
2634,0
2635,0
2636,0
2637,0
2638,0
2639,0
2640,0
2641,1
2642,0
2643,0
2644,0
2645,1
2646,0
2647,1
2648,1
2649,0
2650,1
2651,0
2652,0
2653,1
2654,0
2655,0
2656,1
2657,0
2658,1
2659,0
2660,1
2661,0
2662,0
2663,0
2664,1
2665,0
2666,0
2667,0
2668,1
2669,0
2670,0
2671,1
2672,0
2673,1
2674,1
2675,1
2676,1
2677,1
2678,1
2679,0
2680,0
2681,1
2682,1
2683,0
2684,0
2685,0
2686,0
2687,1
2688,0
2689,0
2690,1
2691,1
2692,0
2693,0
2694,0
2695,0
2696,0
2697,0
2698,1
2699,1
2700,1
2701,1
2702,1
2703,0
2704,0
2705,0
2706,0
2707,0
2708,0
2709,1
2710,1
2711,1
2712,1
2713,0
2714,1
2715,1
2716,1
2717,0
2718,0
2719,0
2720,0
2721,1
2722,1
2723,1
2724,0
2725,0
2726,1
2727,1
2728,1
2729,1
2730,0
2731,0
2732,1
2733,1
2734,1
2735,1
2736,1
2737,1
2738,0
2739,0
2740,1
2741,1
2742,0
2743,1
2744,1
2745,0
2746,0
2747,1
2748,0
2749,0
2750,1
2751,0
2752,1
2753,1
2754,0
2755,0
2756,0
2757,0
2758,1
2759,1
2760,1
2761,0
2762,0
2763,0
2764,1
2765,1
2766,1
2767,1
2768,1
2769,0
2770,0
2771,0
2772,1
2773,0
2774,1
2775,0
2776,1
2777,1
2778,0
2779,1
2780,1
2781,0
2782,0
2783,0
2784,0
2785,1
2786,1
2787,0
2788,1
2789,1
2790,1
2791,1
2792,0
2793,0
2794,0
2795,0
2796,1
2797,1
2798,0
2799,1
2800,0
2801,0
2802,0
2803,1
2804,0
2805,0
2806,0
2807,1
2808,1
2809,0
2810,0
2811,0
2812,1
2813,0
2814,1
2815,0
2816,0
2817,0
2818,0
2819,1
2820,0
2821,0
2822,1
2823,0
2824,0
2825,0
2826,1
2827,1
2828,1
2829,0
2830,1
2831,0
2832,0
2833,1
2834,1
2835,0
2836,0
2837,0
2838,0
2839,1
2840,0
2841,0
2842,0
2843,1
2844,0
2845,1
2846,0
2847,1
2848,0
2849,1
2850,0
2851,1
2852,0
2853,1
2854,1
2855,1
2856,1
2857,0
2858,1
2859,0
2860,1
2861,1
2862,1
2863,0
2864,1
2865,1
2866,0
2867,1
2868,1
2869,1
2870,1
2871,0
2872,1
2873,0
2874,0
2875,1
2876,0
2877,0
2878,1
2879,1
2880,1
2881,1
2882,0
2883,1
2884,1
2885,1
2886,1
2887,1
2888,0
2889,1
2890,1
2891,0
2892,0
2893,0
2894,1
2895,1
2896,0
2897,0
2898,0
2899,0
2900,1
2901,1
2902,1
2903,1
2904,1
2905,0
2906,1
2907,1
2908,0
2909,1
2910,1
2911,1
2912,0
2913,1
2914,0
2915,0
2916,0
2917,1
2918,1
2919,0
2920,0
2921,0
2922,0
2923,1
2924,0
2925,0
2926,0
2927,0
2928,0
2929,1
2930,0
2931,1
2932,1
2933,1
2934,0
2935,1
2936,0
2937,0
2938,0
2939,0
2940,0
2941,1
2942,0
2943,0
2944,1
2945,0
2946,0
2947,0
2948,1
2949,0
2950,0
2951,1
2952,0
2953,0
2954,0
2955,1
2956,0
2957,1
2958,0
2959,0
2960,0
2961,0
2962,0
2963,1
2964,0
2965,1
2966,0
2967,1
2968,0
2969,1
2970,1
2971,0
2972,0
2973,1
2974,0
2975,1
2976,0
2977,1
2978,1
2979,1
2980,1
2981,0
2982,1
2983,1
2984,0
2985,0
2986,1
2987,1
2988,1
2989,0
2990,0
2991,1
2992,1
2993,0
2994,0
2995,1
2996,0
2997,0
2998,1
2999,0
3000,0
3001,1
3002,0
3003,1
3004,1
3005,0
3006,1
3007,1
3008,0
3009,0
3010,1
3011,0
3012,0
3013,0
3014,1
3015,0
3016,0
3017,1
3018,0
3019,0
3020,0
3021,0
3022,1
3023,0
3024,0
3025,1
3026,0
3027,0
3028,0
3029,1
3030,1
3031,1
3032,1
3033,1
3034,0
3035,0
3036,1
3037,0
3038,0
3039,0
3040,1
3041,1
3042,0
3043,0
3044,1
3045,0
3046,1
3047,0
3048,0
3049,0
3050,1
3051,0
3052,0
3053,1
3054,1
3055,0
3056,0
3057,1
3058,0
3059,0
3060,1
3061,0
3062,1
3063,1
3064,0
3065,0
3066,1
3067,1
3068,0
3069,1
3070,0
3071,0
3072,0
3073,1
3074,1
3075,0
3076,0
3077,0
3078,1
3079,1
3080,1
3081,1
3082,1
3083,1
3084,0
3085,0
3086,1
3087,1
3088,1
3089,1
3090,1
3091,1
3092,1
3093,0
3094,0
3095,1
3096,1
3097,1
3098,0
3099,0
3100,0
3101,0
3102,1
3103,0
3104,1
3105,1
3106,0
3107,1
3108,1
3109,1
3110,1
3111,1
3112,0
3113,1
3114,0
3115,0
3116,0
3117,1
3118,0
3119,1
3120,1
3121,1
3122,0
3123,0
3124,0
3125,1
3126,1
3127,1
3128,1
3129,0
3130,1
3131,1
3132,0
3133,0
3134,1
3135,0
3136,1
3137,1
3138,1
3139,1
3140,0
3141,0
3142,1
3143,1
3144,0
3145,0
3146,1
3147,1
3148,0
3149,1
3150,1
3151,0
3152,1
3153,1
3154,1
3155,1
3156,1
3157,1
3158,0
3159,1
3160,1
3161,1
3162,0
3163,1
3164,1
3165,1
3166,1
3167,1
3168,1
3169,1
3170,0
3171,1
3172,1
3173,0
3174,0
3175,0
3176,1
3177,1
3178,1
3179,0
3180,0
3181,0
3182,1
3183,0
3184,1
3185,0
3186,1
3187,1
3188,0
3189,0
3190,1
3191,1
3192,1
3193,1
3194,0
3195,1
3196,0
3197,0
3198,0
3199,1
3200,0
3201,0
3202,1
3203,0
3204,0
3205,0
3206,0
3207,0
3208,1
3209,1
3210,0
3211,1
3212,1
3213,1
3214,0
3215,1
3216,1
3217,0
3218,0
3219,0
3220,0
3221,1
3222,1
3223,1
3224,0
3225,0
3226,1
3227,0
3228,0
3229,0
3230,1
3231,1
3232,1
3233,1
3234,1
3235,1
3236,1
3237,1
3238,0
3239,1
3240,1
3241,0
3242,1
3243,0
3244,1
3245,0
3246,1
3247,1
3248,1
3249,0
3250,0
3251,0
3252,0
3253,1
3254,1
3255,0
3256,0
3257,1
3258,0
3259,1
3260,1
3261,0
3262,1
3263,1
3264,1
3265,1
3266,0
3267,1
3268,0
3269,0
3270,1
3271,0
3272,1
3273,0
3274,0
3275,1
3276,1
3277,0
3278,0
3279,1
3280,0
3281,0
3282,0
3283,1
3284,1
3285,1
3286,1
3287,0
3288,0
3289,1
3290,1
3291,1
3292,1
3293,1
3294,0
3295,0
3296,0
3297,1
3298,0
3299,1
3300,0
3301,1
3302,1
3303,1
3304,1
3305,0
3306,0
3307,0
3308,1
3309,0
3310,0
3311,1
3312,1
3313,0
3314,0
3315,1
3316,1
3317,1
3318,0
3319,0
3320,1
3321,1
3322,1
3323,1
3324,0
3325,1
3326,0
3327,0
3328,0
3329,0
3330,0
3331,1
3332,1
3333,1
3334,0
3335,0
3336,0
3337,1
3338,0
3339,1
3340,1
3341,1
3342,1
3343,1
3344,0
3345,1
3346,1
3347,0
3348,0
3349,0
3350,1
3351,1
3352,1
3353,1
3354,0
3355,1
3356,0
3357,0
3358,0
3359,1
3360,0
3361,0
3362,1
3363,1
3364,0
3365,1
3366,0
3367,1
3368,0
3369,1
3370,0
3371,0
3372,0
3373,1
3374,1
3375,0
3376,0
3377,0
3378,0
3379,1
3380,0
3381,0
3382,0
3383,1
3384,1
3385,0
3386,0
3387,1
3388,1
3389,1
3390,1
3391,0
3392,1
3393,1
3394,0
3395,0
3396,1
3397,0
3398,0
3399,0
3400,0
3401,1
3402,1
3403,1
3404,1
3405,1
3406,0
3407,0
3408,0
3409,1
3410,1
3411,1
3412,0
3413,1
3414,0
3415,1
3416,1
3417,1
3418,0
3419,0
3420,0
3421,0
3422,1
3423,0
3424,1
3425,1
3426,0
3427,1
3428,1
3429,1
3430,0
3431,1
3432,0
3433,0
3434,1
3435,0
3436,1
3437,0
3438,0
3439,1
3440,1
3441,0
3442,0
3443,0
3444,0
3445,0
3446,1
3447,0
3448,1
3449,0
3450,0
3451,1
3452,1
3453,1
3454,0
3455,0
3456,0
3457,1
3458,1
3459,1
3460,0
3461,1
3462,1
3463,1
3464,1
3465,0
3466,0
3467,1
3468,0
3469,0
3470,0
3471,1
3472,0
3473,0
3474,1
3475,1
3476,1
3477,0
3478,1
3479,0
3480,0
3481,0
3482,1
3483,1
3484,1
3485,0
3486,0
3487,0
3488,1
3489,1
3490,0
3491,1
3492,1
3493,1
3494,1
3495,0
3496,0
3497,0
3498,0
3499,1
3500,0
3501,0
3502,1
3503,1
3504,0
3505,1
3506,0
3507,0
3508,1
3509,0
3510,1
3511,0
3512,1
3513,1
3514,0
3515,1
3516,0
3517,0
3518,1
3519,1
3520,0
3521,0
3522,1
3523,0
3524,1
3525,0
3526,1
3527,1
3528,0
3529,0
3530,0
3531,0
3532,1
3533,0
3534,1
3535,0
3536,0
3537,1
3538,1
3539,0
3540,1
3541,0
3542,1
3543,1
3544,0
3545,1
3546,0
3547,0
3548,1
3549,1
3550,0
3551,1
3552,0
3553,1
3554,0
3555,0
3556,1
3557,1
3558,1
3559,0
3560,0
3561,0
3562,1
3563,1
3564,1
3565,0
3566,0
3567,1
3568,1
3569,1
3570,1
3571,0
3572,0
3573,1
3574,0
3575,1
3576,0
3577,1
3578,1
3579,0
3580,0
3581,1
3582,0
3583,1
3584,1
3585,0
3586,1
3587,0
3588,0
3589,1
3590,0
3591,1
3592,1
3593,1
3594,0
3595,0
3596,0
3597,1
3598,0
3599,1
3600,0
3601,0
3602,1
3603,0
3604,1
3605,1
3606,1
3607,0
3608,1
3609,1
3610,1
3611,0
3612,1
3613,0
3614,0
3615,1
3616,0
3617,1
3618,1
3619,0
3620,1
3621,0
3622,0
3623,0
3624,0
3625,0
3626,0
3627,1
3628,0
3629,0
3630,1
3631,0
3632,0
3633,1
3634,1
3635,0
3636,1
3637,1
3638,0
3639,0
3640,0
3641,1
3642,0
3643,1
3644,0
3645,0
3646,0
3647,0
3648,0
3649,1
3650,0
3651,1
3652,1
3653,1
3654,0
3655,0
3656,0
3657,0
3658,0
3659,1
3660,0
3661,1
3662,0
3663,0
3664,1
3665,0
3666,0
3667,0
3668,0
3669,1
3670,1
3671,0
3672,0
3673,0
3674,0
3675,0
3676,1
3677,1
3678,1
3679,0
3680,1
3681,1
3682,1
3683,1
3684,1
3685,1
3686,0
3687,0
3688,1
3689,0
3690,0
3691,1
3692,1
3693,1
3694,1
3695,1
3696,1
3697,1
3698,0
3699,1
3700,1
3701,1
3702,1
3703,1
3704,1
3705,0
3706,0
3707,1
3708,0
3709,0
3710,1
3711,1
3712,1
3713,1
3714,0
3715,1
3716,0
3717,0
3718,1
3719,0
3720,0
3721,1
3722,1
3723,0
3724,0
3725,1
3726,0
3727,1
3728,1
3729,0
3730,1
3731,0
3732,0
3733,0
3734,0
3735,0
3736,1
3737,1
3738,1
3739,0
3740,1
3741,0
3742,1
3743,0
3744,0
3745,0
3746,0
3747,1
3748,1
3749,0
3750,1
3751,0
3752,1
3753,1
3754,0
3755,0
3756,1
3757,1
3758,1
3759,0
3760,0
3761,0
3762,1
3763,1
3764,0
3765,0
3766,1
3767,0
3768,1
3769,0
3770,1
3771,0
3772,0
3773,0
3774,1
3775,1
3776,1
3777,0
3778,0
3779,0
3780,0
3781,1
3782,0
3783,1
3784,1
3785,0
3786,0
3787,1
3788,0
3789,0
3790,0
3791,0
3792,1
3793,0
3794,0
3795,0
3796,0
3797,0
3798,1
3799,0
3800,0
3801,0
3802,0
3803,1
3804,1
3805,0
3806,0
3807,0
3808,1
3809,1
3810,0
3811,1
3812,1
3813,1
3814,0
3815,0
3816,1
3817,1
3818,0
3819,1
3820,0
3821,0
3822,1
3823,0
3824,1
3825,0
3826,0
3827,1
3828,0
3829,0
3830,1
3831,1
3832,0
3833,0
3834,1
3835,0
3836,0
3837,1
3838,0
3839,1
3840,0
3841,0
3842,0
3843,0
3844,0
3845,1
3846,1
3847,0
3848,1
3849,0
3850,1
3851,1
3852,1
3853,0
3854,0
3855,0
3856,0
3857,1
3858,0
3859,0
3860,0
3861,1
3862,0
3863,0
3864,0
3865,1
3866,1
3867,1
3868,1
3869,1
3870,1
3871,1
3872,0
3873,1
3874,1
3875,1
3876,0
3877,0
3878,1
3879,1
3880,0
3881,0
3882,0
3883,1
3884,1
3885,0
3886,0
3887,0
3888,0
3889,1
3890,0
3891,1
3892,0
3893,1
3894,0
3895,0
3896,1
3897,1
3898,0
3899,0
3900,0
3901,1
3902,0
3903,0
3904,0
3905,1
3906,1
3907,1
3908,0
3909,1
3910,1
3911,0
3912,1
3913,0
3914,0
3915,0
3916,1
3917,1
3918,1
3919,1
3920,0
3921,0
3922,1
3923,1
3924,1
3925,1
3926,0
3927,1
3928,1
3929,1
3930,1
3931,1
3932,1
3933,1
3934,1
3935,1
3936,0
3937,1
3938,0
3939,1
3940,0
3941,0
3942,1
3943,1
3944,0
3945,1
3946,0
3947,1
3948,0
3949,0
3950,0
3951,0
3952,1
3953,0
3954,0
3955,1
3956,0
3957,0
3958,0
3959,0
3960,0
3961,0
3962,0
3963,1
3964,1
3965,1
3966,0
3967,1
3968,0
3969,0
3970,1
3971,1
3972,0
3973,0
3974,1
3975,1
3976,0
3977,0
3978,0
3979,0
3980,1
3981,0
3982,0
3983,0
3984,0
3985,1
3986,1
3987,0
3988,0
3989,0
3990,0
3991,0
3992,0
3993,1
3994,1
3995,1
3996,1
3997,1
3998,0
3999,1
4000,0
4001,0
4002,1
4003,0
4004,0
4005,1
4006,1
4007,1
4008,1
4009,1
4010,1
4011,0
4012,0
4013,1
4014,0
4015,1
4016,1
4017,0
4018,1
4019,1
4020,0
4021,1
4022,1
4023,1
4024,1
4025,0
4026,0
4027,1
4028,0
4029,0
4030,0
4031,1
4032,1
4033,1
4034,0
4035,0
4036,0
4037,1
4038,0
4039,0
4040,0
4041,1
4042,0
4043,0
4044,1
4045,1
4046,1
4047,1
4048,0
4049,1
4050,0
4051,1
4052,0
4053,1
4054,0
4055,1
4056,0
4057,0
4058,1
4059,1
4060,1
4061,0
4062,0
4063,0
4064,0
4065,0
4066,1
4067,1
4068,1
4069,0
4070,1
4071,1
4072,1
4073,0
4074,1
4075,1
4076,1
4077,0
4078,0
4079,0
4080,1
4081,1
4082,1
4083,0
4084,0
4085,1
4086,0
4087,1
4088,1
4089,0
4090,0
4091,1
4092,1
4093,0
4094,1
4095,1
4096,0
4097,0
4098,1
4099,1
4100,0
4101,1
4102,1
4103,0
4104,0
4105,0
4106,1
4107,0
4108,1
4109,0
4110,0
4111,0
4112,0
4113,0
4114,1
4115,0
4116,0
4117,0
4118,1
4119,1
4120,0
4121,0
4122,0
4123,1
4124,1
4125,0
4126,0
4127,0
4128,0
4129,1
4130,1
4131,0
4132,1
4133,1
4134,1
4135,0
4136,0
4137,1
4138,0
4139,1
4140,1
4141,0
4142,0
4143,1
4144,0
4145,1
4146,1
4147,1
4148,0
4149,1
4150,0
4151,0
4152,1
4153,1
4154,0
4155,1
4156,1
4157,1
4158,1
4159,0
4160,1
4161,1
4162,0
4163,1
4164,1
4165,0
4166,0
4167,0
4168,1
4169,0
4170,1
4171,1
4172,0
4173,1
4174,1
4175,1
4176,0
4177,0
4178,0
4179,1
4180,1
4181,1
4182,1
4183,1
4184,1
4185,0
4186,1
4187,0
4188,0
4189,0
4190,1
4191,0
4192,1
4193,0
4194,1
4195,0
4196,1
4197,1
4198,0
4199,0
4200,1
4201,1
4202,0
4203,1
4204,1
4205,0
4206,0
4207,0
4208,0
4209,0
4210,0
4211,1
4212,0
4213,1
4214,1
4215,0
4216,0
4217,1
4218,1
4219,1
4220,1
4221,1
4222,1
4223,1
4224,0
4225,1
4226,1
4227,1
4228,0
4229,1
4230,1
4231,0
4232,0
4233,0
4234,0
4235,1
4236,1
4237,1
4238,0
4239,0
4240,1
4241,1
4242,0
4243,1
4244,1
4245,0
4246,0
4247,0
4248,1
4249,1
4250,0
4251,1
4252,1
4253,1
4254,1
4255,1
4256,1
4257,1
4258,0
4259,0
4260,0
4261,0
4262,0
4263,1
4264,1
4265,0
4266,0
4267,0
4268,1
4269,1
4270,1
4271,1
4272,0
4273,1
4274,0
4275,1
4276,0
4277,1
4278,0
4279,1
4280,1
4281,1
4282,0
4283,0
4284,0
4285,1
4286,0
4287,0
4288,1
4289,0
4290,1
4291,1
4292,1
4293,0
4294,0
4295,1
4296,1
4297,0
4298,0
4299,0
4300,0
4301,0
4302,0
4303,0
4304,0
4305,0
4306,0
4307,1
4308,0
4309,0
4310,1
4311,0
4312,0
4313,1
4314,0
4315,1
4316,1
4317,0
4318,0
4319,0
4320,0
4321,1
4322,0
4323,1
4324,0
4325,0
4326,0
4327,1
4328,1
4329,0
4330,1
4331,0
4332,1
4333,0
4334,0
4335,1
4336,1
4337,1
4338,0
4339,0
4340,0
4341,1
4342,1
4343,1
4344,0
4345,1
4346,0
4347,1
4348,1
4349,0
4350,0
4351,0
4352,1
4353,0
4354,1
4355,1
4356,1
4357,1
4358,1
4359,0
4360,1
4361,1
4362,1
4363,1
4364,1
4365,1
4366,0
4367,1
4368,0
4369,0
4370,0
4371,1
4372,1
4373,0
4374,0
4375,1
4376,1
4377,0
4378,1
4379,0
4380,0
4381,0
4382,1
4383,0
4384,1
4385,0
4386,1
4387,0
4388,1
4389,1
4390,1
4391,0
4392,0
4393,1
4394,1
4395,0
4396,1
4397,0
4398,0
4399,0
4400,0
4401,0
4402,1
4403,1
4404,1
4405,0
4406,1
4407,0
4408,0
4409,0
4410,1
4411,0
4412,0
4413,0
4414,0
4415,0
4416,0
4417,1
4418,0
4419,0
4420,1
4421,1
4422,1
4423,0
4424,0
4425,0
4426,1
4427,0
4428,0
4429,1
4430,0
4431,0
4432,0
4433,1
4434,0
4435,0
4436,1
4437,1
4438,1
4439,1
4440,1
4441,0
4442,1
4443,1
4444,0
4445,0
4446,1
4447,1
4448,1
4449,1
4450,1
4451,1
4452,1
4453,0
4454,0
4455,1
4456,1
4457,1
4458,0
4459,0
4460,0
4461,1
4462,1
4463,1
4464,1
4465,1
4466,0
4467,1
4468,1
4469,1
4470,0
4471,1
4472,0
4473,1
4474,0
4475,0
4476,0
4477,0
4478,1
4479,1
4480,0
4481,1
4482,1
4483,1
4484,1
4485,0
4486,0
4487,1
4488,1
4489,0
4490,0
4491,1
4492,0
4493,0
4494,1
4495,1
4496,1
4497,0
4498,1
4499,0
4500,1
4501,0
4502,1
4503,0
4504,1
4505,0
4506,0
4507,1
4508,1
4509,1
4510,1
4511,0
4512,1
4513,0
4514,0
4515,1
4516,0
4517,1
4518,1
4519,0
4520,0
4521,0
4522,0
4523,0
4524,0
4525,0
4526,0
4527,1
4528,1
4529,1
4530,1
4531,0
4532,1
4533,0
4534,1
4535,0
4536,0
4537,1
4538,0
4539,0
4540,1
4541,1
4542,0
4543,1
4544,0
4545,1
4546,1
4547,0
4548,0
4549,1
4550,1
4551,1
4552,1
4553,1
4554,0
4555,1
4556,0
4557,1
4558,0
4559,1
4560,1
4561,0
4562,0
4563,0
4564,1
4565,0
4566,1
4567,0
4568,0
4569,1
4570,0
4571,1
4572,1
4573,1
4574,1
4575,0
4576,0
4577,1
4578,0
4579,0
4580,1
4581,1
4582,0
4583,0
4584,1
4585,1
4586,0
4587,1
4588,1
4589,0
4590,1
4591,1
4592,0
4593,0
4594,1
4595,0
4596,0
4597,1
4598,0
4599,1
4600,0
4601,1
4602,0
4603,0
4604,0
4605,1
4606,1
4607,1
4608,1
4609,0
4610,1
4611,1
4612,1
4613,1
4614,0
4615,0
4616,0
4617,1
4618,1
4619,1
4620,1
4621,1
4622,0
4623,1
4624,1
4625,0
4626,1
4627,1
4628,0
4629,1
4630,0
4631,1
4632,1
4633,1
4634,1
4635,0
4636,0
4637,1
4638,1
4639,1
4640,1
4641,0
4642,0
4643,0
4644,0
4645,0
4646,0
4647,0
4648,1
4649,1
4650,0
4651,0
4652,0
4653,0
4654,1
4655,1
4656,1
4657,1
4658,1
4659,1
4660,1
4661,1
4662,0
4663,1
4664,1
4665,1
4666,0
4667,0
4668,1
4669,0
4670,1
4671,1
4672,1
4673,1
4674,1
4675,0
4676,0
4677,0
4678,1
4679,1
4680,0
4681,0
4682,0
4683,0
4684,0
4685,0
4686,0
4687,1
4688,0
4689,0
4690,0
4691,0
4692,1
4693,0
4694,0
4695,0
4696,0
4697,0
4698,1
4699,0
4700,0
4701,1
4702,1
4703,0
4704,1
4705,1
4706,1
4707,1
4708,1
4709,1
4710,0
4711,1
4712,0
4713,1
4714,0
4715,0
4716,1
4717,0
4718,1
4719,0
4720,1
4721,1
4722,1
4723,0
4724,0
4725,0
4726,0
4727,1
4728,0
4729,1
4730,1
4731,1
4732,1
4733,1
4734,1
4735,0
4736,1
4737,0
4738,0
4739,1
4740,1
4741,0
4742,0
4743,1
4744,1
4745,1
4746,0
4747,1
4748,1
4749,1
4750,1
4751,1
4752,1
4753,0
4754,0
4755,0
4756,1
4757,1
4758,0
4759,0
4760,1
4761,0
4762,0
4763,0
4764,1
4765,0
4766,0
4767,0
4768,0
4769,0
4770,1
4771,0
4772,1
4773,0
4774,1
4775,0
4776,0
4777,1
4778,0
4779,1
4780,1
4781,0
4782,0
4783,0
4784,0
4785,0
4786,1
4787,0
4788,0
4789,1
4790,0
4791,0
4792,1
4793,0
4794,1
4795,1
4796,1
4797,0
4798,1
4799,0
4800,1
4801,0
4802,1
4803,0
4804,0
4805,0
4806,0
4807,1
4808,0
4809,0
4810,1
4811,0
4812,0
4813,0
4814,1
4815,1
4816,0
4817,1
4818,0
4819,0
4820,1
4821,1
4822,0
4823,0
4824,1
4825,1
4826,1
4827,0
4828,0
4829,0
4830,0
4831,1
4832,0
4833,0
4834,1
4835,0
4836,1
4837,0
4838,1
4839,0
4840,0
4841,1
4842,0
4843,0
4844,1
4845,0
4846,0
4847,0
4848,1
4849,1
4850,0
4851,0
4852,0
4853,1
4854,1
4855,0
4856,1
4857,1
4858,0
4859,1
4860,1
4861,0
4862,0
4863,1
4864,1
4865,0
4866,1
4867,0
4868,1
4869,0
4870,0
4871,1
4872,1
4873,1
4874,1
4875,1
4876,0
4877,1
4878,0
4879,0
4880,0
4881,1
4882,0
4883,0
4884,0
4885,0
4886,0
4887,0
4888,1
4889,0
4890,0
4891,1
4892,1
4893,1
4894,1
4895,0
4896,0
4897,0
4898,0
4899,1
4900,0
4901,0
4902,1
4903,0
4904,0
4905,0
4906,1
4907,0
4908,0
4909,1
4910,1
4911,0
4912,0
4913,0
4914,1
4915,0
4916,0
4917,0
4918,0
4919,1
4920,0
4921,0
4922,0
4923,0
4924,0
4925,1
4926,0
4927,1
4928,0
4929,1
4930,0
4931,1
4932,1
4933,0
4934,0
4935,0
4936,1
4937,1
4938,1
4939,1
4940,1
4941,1
4942,0
4943,0
4944,0
4945,0
4946,0
4947,1
4948,0
4949,0
4950,1
4951,1
4952,0
4953,0
4954,0
4955,0
4956,0
4957,0
4958,0
4959,1
4960,1
4961,1
4962,0
4963,0
4964,0
4965,0
4966,1
4967,0
4968,1
4969,1
4970,0
4971,0
4972,1
4973,1
4974,1
4975,0
4976,0
4977,1
4978,1
4979,1
4980,0
4981,1
4982,0
4983,0
4984,1
4985,1
4986,1
4987,1
4988,1
4989,0
4990,0
4991,0
4992,1
4993,0
4994,0
4995,0
4996,1
4997,1
4998,0
4999,1
5000,0
5001,1
5002,0
5003,1
5004,1
5005,0
5006,1
5007,0
5008,0
5009,0
5010,1
5011,1
5012,0
5013,0
5014,1
5015,0
5016,1
